query,movie_text
"phim hành động giống vận may","Vận May. Hành động;Hài. Gabriel, một thiên thần thừa lòng tốt nhưng thiếu kỹ năng, tự nguyện giúp đỡ vị khách hàng mới đó là một người đàn ông có tham vọng lớn nhưng mãi không gặp thời, bằng cách đưa anh này đến với một công ty gia chuyên đầu tư mạo hiểm, rồi làm rối tung rối mù hết cả lên."
"phim hành động","Vận May. Hành động;Hài. Gabriel, một thiên thần thừa lòng tốt nhưng thiếu kỹ năng, tự nguyện giúp đỡ vị khách hàng mới đó là một người đàn ông có tham vọng lớn nhưng mãi không gặp thời, bằng cách đưa anh này đến với một công ty gia chuyên đầu tư mạo hiểm, rồi làm rối tung rối mù hết cả lên."
"phim tâm trạng hành động","Vận May. Hành động;Hài. Gabriel, một thiên thần thừa lòng tốt nhưng thiếu kỹ năng, tự nguyện giúp đỡ vị khách hàng mới đó là một người đàn ông có tham vọng lớn nhưng mãi không gặp thời, bằng cách đưa anh này đến với một công ty gia chuyên đầu tư mạo hiểm, rồi làm rối tung rối mù hết cả lên."
"phim hành động vận may","Vận May. Hành động;Hài. Gabriel, một thiên thần thừa lòng tốt nhưng thiếu kỹ năng, tự nguyện giúp đỡ vị khách hàng mới đó là một người đàn ông có tham vọng lớn nhưng mãi không gặp thời, bằng cách đưa anh này đến với một công ty gia chuyên đầu tư mạo hiểm, rồi làm rối tung rối mù hết cả lên."
"phim vận may","Vận May. Hành động;Hài. Gabriel, một thiên thần thừa lòng tốt nhưng thiếu kỹ năng, tự nguyện giúp đỡ vị khách hàng mới đó là một người đàn ông có tham vọng lớn nhưng mãi không gặp thời, bằng cách đưa anh này đến với một công ty gia chuyên đầu tư mạo hiểm, rồi làm rối tung rối mù hết cả lên."
"vận may","Vận May. Hành động;Hài. Gabriel, một thiên thần thừa lòng tốt nhưng thiếu kỹ năng, tự nguyện giúp đỡ vị khách hàng mới đó là một người đàn ông có tham vọng lớn nhưng mãi không gặp thời, bằng cách đưa anh này đến với một công ty gia chuyên đầu tư mạo hiểm, rồi làm rối tung rối mù hết cả lên."
"phim hành động thị trấn baramulla","Thị Trấn Baramulla. Hành động;Sci-fi. Điều tra về vụ bắt cóc trẻ em, viên cảnh sát nọ lật mở những điều bí ẩn liên quan đến âm mưu đen tối, những thế lực siêu nhiên đe dọa gia đình anh và thị trấn yên bình Baramulla."
"phim thị trấn baramulla","Thị Trấn Baramulla. Hành động;Sci-fi. Điều tra về vụ bắt cóc trẻ em, viên cảnh sát nọ lật mở những điều bí ẩn liên quan đến âm mưu đen tối, những thế lực siêu nhiên đe dọa gia đình anh và thị trấn yên bình Baramulla."
"thị trấn baramulla","Thị Trấn Baramulla. Hành động;Sci-fi. Điều tra về vụ bắt cóc trẻ em, viên cảnh sát nọ lật mở những điều bí ẩn liên quan đến âm mưu đen tối, những thế lực siêu nhiên đe dọa gia đình anh và thị trấn yên bình Baramulla."
"phim hành động sci-fi","Thị Trấn Baramulla. Hành động;Sci-fi. Điều tra về vụ bắt cóc trẻ em, viên cảnh sát nọ lật mở những điều bí ẩn liên quan đến âm mưu đen tối, những thế lực siêu nhiên đe dọa gia đình anh và thị trấn yên bình Baramulla."
"phim tâm trạng hành động","Thị Trấn Baramulla. Hành động;Sci-fi. Điều tra về vụ bắt cóc trẻ em, viên cảnh sát nọ lật mở những điều bí ẩn liên quan đến âm mưu đen tối, những thế lực siêu nhiên đe dọa gia đình anh và thị trấn yên bình Baramulla."
"phim hành động giống thị trấn baramulla","Thị Trấn Baramulla. Hành động;Sci-fi. Điều tra về vụ bắt cóc trẻ em, viên cảnh sát nọ lật mở những điều bí ẩn liên quan đến âm mưu đen tối, những thế lực siêu nhiên đe dọa gia đình anh và thị trấn yên bình Baramulla."
"phim tình cảm","Rắc Rối Sâm Panh. Tình cảm;hài. Một giám đốc điều hành người Mỹ đầy nhiệt huyết đến Paris với hy vọng đạt được hợp đồng để cứu vãn công ty startup chăm sóc sức khỏe của mình – rồi vô tình phải lòng người thừa kế đế chế sâm panh đó."
"phim tình cảm hài","Rắc Rối Sâm Panh. Tình cảm;hài. Một giám đốc điều hành người Mỹ đầy nhiệt huyết đến Paris với hy vọng đạt được hợp đồng để cứu vãn công ty startup chăm sóc sức khỏe của mình – rồi vô tình phải lòng người thừa kế đế chế sâm panh đó."
"phim rắc rối sâm panh","Rắc Rối Sâm Panh. Tình cảm;hài. Một giám đốc điều hành người Mỹ đầy nhiệt huyết đến Paris với hy vọng đạt được hợp đồng để cứu vãn công ty startup chăm sóc sức khỏe của mình – rồi vô tình phải lòng người thừa kế đế chế sâm panh đó."
"rắc rối sâm panh","Rắc Rối Sâm Panh. Tình cảm;hài. Một giám đốc điều hành người Mỹ đầy nhiệt huyết đến Paris với hy vọng đạt được hợp đồng để cứu vãn công ty startup chăm sóc sức khỏe của mình – rồi vô tình phải lòng người thừa kế đế chế sâm panh đó."
"phim gia đình","Cuộc Phiêu Lưu Trong Giấc Mộng. Gia đình;hài;viễn tưởng. Bộ đôi chị gái và em trai nọ phiêu lưu khắp vùng đất trong mơ của mình bằng một chiếc tàu lượn siêu tốc thần kỳ và đối đầu mọi nỗi sợ bất ngờ hiện hình."
"phim gia đình hài","Cuộc Phiêu Lưu Trong Giấc Mộng. Gia đình;hài;viễn tưởng. Bộ đôi chị gái và em trai nọ phiêu lưu khắp vùng đất trong mơ của mình bằng một chiếc tàu lượn siêu tốc thần kỳ và đối đầu mọi nỗi sợ bất ngờ hiện hình."
"phim cuộc phiêu lưu trong giấc mộng","Cuộc Phiêu Lưu Trong Giấc Mộng. Gia đình;hài;viễn tưởng. Bộ đôi chị gái và em trai nọ phiêu lưu khắp vùng đất trong mơ của mình bằng một chiếc tàu lượn siêu tốc thần kỳ và đối đầu mọi nỗi sợ bất ngờ hiện hình."
"cuộc phiêu lưu trong giấc mộng","Cuộc Phiêu Lưu Trong Giấc Mộng. Gia đình;hài;viễn tưởng. Bộ đôi chị gái và em trai nọ phiêu lưu khắp vùng đất trong mơ của mình bằng một chiếc tàu lượn siêu tốc thần kỳ và đối đầu mọi nỗi sợ bất ngờ hiện hình."
